{
    "total_runtime": 2.167961597442627,
    "num_documents": 5982,
    "input_load_time": 0,
    "workflows": {
        "create_base_text_units": {
            "overall": 1.8503117561340332,
            "0_orderby": 0.008426904678344727,
            "1_zip": 0.00813913345336914,
            "2_aggregate_override": 0.11086058616638184,
            "3_chunk": 1.4295611381530762,
            "4_select": 0.010631084442138672,
            "5_unroll": 0.0101318359375,
            "6_rename": 0.011073112487792969,
            "7_genid": 0.11545872688293457,
            "8_unzip": 0.012660980224609375,
            "9_copy": 0.00805044174194336,
            "10_filter": 0.12531781196594238
        }
    }
}